ALERT_ID,ALERT_SOURCE,CATEGORY,CONFIDENCE,FAILED_ATTEMPTS,FIRST_SEEN,GEO_COUNTRY,IP_COUNT,KILL_CHAIN_PHASE,LAST_SEEN,ML_ANOMALY_SCORE,RISK_SCORE,SOURCE_IP,SUCCESSFUL_LOGINS,THREAT_LEVEL,THREAT_TYPE,TOOL_VERSION,USERNAME
c4e1dcbe09d8,ELITE SOC ANALYZER,AUTHENTICATION,88,7,2026-01-22T20:55:52.869057,UNKNOWN,,CREDENTIAL ACCESS,2026-01-22T20:55:52.880311,0.3,51,192.168.0.52,0,MEDIUM,SSH_BRUTE_FORCE,6.0-COGNITIVE,
db9b19d309c6,ELITE SOC ANALYZER,AUTHENTICATION,88,10,2026-01-22T20:55:52.869277,UNKNOWN,,CREDENTIAL ACCESS,2026-01-22T20:55:52.880062,0.3,69,192.168.0.60,0,HIGH,SSH_BRUTE_FORCE,6.0-COGNITIVE,
c1a19cb9a8c2,ELITE SOC ANALYZER,AUTHENTICATION,88,5,2026-01-22T20:55:52.869330,UNKNOWN,,CREDENTIAL ACCESS,2026-01-22T20:55:52.880102,0.3,39,192.168.0.53,0,MEDIUM,SSH_BRUTE_FORCE,6.0-COGNITIVE,
5f1f0ebaa0f0,ELITE SOC ANALYZER,AUTHENTICATION,88,6,2026-01-22T20:55:52.869358,UNKNOWN,,CREDENTIAL ACCESS,2026-01-22T20:55:52.879738,0.3,45,192.168.0.73,0,MEDIUM,SSH_BRUTE_FORCE,6.0-COGNITIVE,
6c6b616a8908,ELITE SOC ANALYZER,AUTHENTICATION,88,10,2026-01-22T20:55:52.869381,UNKNOWN,,CREDENTIAL ACCESS,2026-01-22T20:55:52.880254,0.3,69,192.168.0.35,0,HIGH,SSH_BRUTE_FORCE,6.0-COGNITIVE,
fa40d6dea095,ELITE SOC ANALYZER,AUTHENTICATION,88,7,2026-01-22T20:55:52.869401,UNKNOWN,,CREDENTIAL ACCESS,2026-01-22T20:55:52.878915,0.3,51,192.168.0.11,0,MEDIUM,SSH_BRUTE_FORCE,6.0-COGNITIVE,
721380b38dcb,ELITE SOC ANALYZER,AUTHENTICATION,88,7,2026-01-22T20:55:52.869420,UNKNOWN,,CREDENTIAL ACCESS,2026-01-22T20:55:52.880529,0.3,51,192.168.0.22,0,MEDIUM,SSH_BRUTE_FORCE,6.0-COGNITIVE,
f83564596806,ELITE SOC ANALYZER,AUTHENTICATION,88,9,2026-01-22T20:55:52.869438,UNKNOWN,,CREDENTIAL ACCESS,2026-01-22T20:55:52.879022,0.3,63,192.168.0.17,0,HIGH,SSH_BRUTE_FORCE,6.0-COGNITIVE,
b1a9c8cd0db0,ELITE SOC ANALYZER,AUTHENTICATION,88,5,2026-01-22T20:55:52.869464,UNKNOWN,,CREDENTIAL ACCESS,2026-01-22T20:55:52.880463,0.3,39,192.168.0.34,0,MEDIUM,SSH_BRUTE_FORCE,6.0-COGNITIVE,
d267c26da904,ELITE SOC ANALYZER,AUTHENTICATION,88,10,2026-01-22T20:55:52.869483,UNKNOWN,,CREDENTIAL ACCESS,2026-01-22T20:55:52.879861,0.3,69,192.168.0.62,0,HIGH,SSH_BRUTE_FORCE,6.0-COGNITIVE,
b8fa21f9ab36,ELITE SOC ANALYZER,AUTHENTICATION,88,8,2026-01-22T20:55:52.869505,UNKNOWN,,CREDENTIAL ACCESS,2026-01-22T20:55:52.879476,0.3,57,192.168.0.70,0,MEDIUM,SSH_BRUTE_FORCE,6.0-COGNITIVE,
7e112ea58de1,ELITE SOC ANALYZER,AUTHENTICATION,88,6,2026-01-22T20:55:52.869525,UNKNOWN,,CREDENTIAL ACCESS,2026-01-22T20:55:52.876482,0.3,45,192.168.0.82,0,MEDIUM,SSH_BRUTE_FORCE,6.0-COGNITIVE,
afedf77a7c32,ELITE SOC ANALYZER,AUTHENTICATION,88,5,2026-01-22T20:55:52.869543,UNKNOWN,,CREDENTIAL ACCESS,2026-01-22T20:55:52.878766,0.3,39,192.168.0.95,0,MEDIUM,SSH_BRUTE_FORCE,6.0-COGNITIVE,
9f15a9122229,ELITE SOC ANALYZER,AUTHENTICATION,88,9,2026-01-22T20:55:52.869562,UNKNOWN,,CREDENTIAL ACCESS,2026-01-22T20:55:52.879406,0.3,63,192.168.0.3,0,HIGH,SSH_BRUTE_FORCE,6.0-COGNITIVE,
51604919055f,ELITE SOC ANALYZER,AUTHENTICATION,88,5,2026-01-22T20:55:52.869580,UNKNOWN,,CREDENTIAL ACCESS,2026-01-22T20:55:52.877461,0.3,39,192.168.0.79,0,MEDIUM,SSH_BRUTE_FORCE,6.0-COGNITIVE,
c31b1cf30dee,ELITE SOC ANALYZER,AUTHENTICATION,88,7,2026-01-22T20:55:52.869598,UNKNOWN,,CREDENTIAL ACCESS,2026-01-22T20:55:52.879874,0.3,51,192.168.0.10,0,MEDIUM,SSH_BRUTE_FORCE,6.0-COGNITIVE,
d035197609c9,ELITE SOC ANALYZER,AUTHENTICATION,88,9,2026-01-22T20:55:52.869615,UNKNOWN,,CREDENTIAL ACCESS,2026-01-22T20:55:52.880584,0.3,63,192.168.0.27,0,HIGH,SSH_BRUTE_FORCE,6.0-COGNITIVE,
ba3584d9ec1a,ELITE SOC ANALYZER,AUTHENTICATION,88,5,2026-01-22T20:55:52.869633,UNKNOWN,,CREDENTIAL ACCESS,2026-01-22T20:55:52.878726,0.3,39,192.168.0.56,0,MEDIUM,SSH_BRUTE_FORCE,6.0-COGNITIVE,
b04ef7d0af02,ELITE SOC ANALYZER,AUTHENTICATION,88,10,2026-01-22T20:55:52.869652,UNKNOWN,,CREDENTIAL ACCESS,2026-01-22T20:55:52.880280,0.3,69,192.168.0.87,0,HIGH,SSH_BRUTE_FORCE,6.0-COGNITIVE,
daa585d5138d,ELITE SOC ANALYZER,AUTHENTICATION,88,8,2026-01-22T20:55:52.869669,UNKNOWN,,CREDENTIAL ACCESS,2026-01-22T20:55:52.880198,0.3,57,192.168.0.90,0,MEDIUM,SSH_BRUTE_FORCE,6.0-COGNITIVE,
40d6bcf63e56,ELITE SOC ANALYZER,AUTHENTICATION,88,7,2026-01-22T20:55:52.869694,UNKNOWN,,CREDENTIAL ACCESS,2026-01-22T20:55:52.878578,0.3,51,192.168.0.68,0,MEDIUM,SSH_BRUTE_FORCE,6.0-COGNITIVE,
348025111f7f,ELITE SOC ANALYZER,AUTHENTICATION,88,5,2026-01-22T20:55:52.869713,UNKNOWN,,CREDENTIAL ACCESS,2026-01-22T20:55:52.879997,0.3,39,192.168.0.47,0,MEDIUM,SSH_BRUTE_FORCE,6.0-COGNITIVE,
609a914e2739,ELITE SOC ANALYZER,AUTHENTICATION,88,8,2026-01-22T20:55:52.869730,UNKNOWN,,CREDENTIAL ACCESS,2026-01-22T20:55:52.880475,0.3,57,192.168.0.84,0,MEDIUM,SSH_BRUTE_FORCE,6.0-COGNITIVE,
3a926c19b8d9,ELITE SOC ANALYZER,AUTHENTICATION,88,10,2026-01-22T20:55:52.869747,UNKNOWN,,CREDENTIAL ACCESS,2026-01-22T20:55:52.880449,0.3,69,192.168.0.38,0,HIGH,SSH_BRUTE_FORCE,6.0-COGNITIVE,
532c73dec6f4,ELITE SOC ANALYZER,AUTHENTICATION,88,10,2026-01-22T20:55:52.869782,UNKNOWN,,CREDENTIAL ACCESS,2026-01-22T20:55:52.879561,0.3,69,192.168.0.51,0,HIGH,SSH_BRUTE_FORCE,6.0-COGNITIVE,
85d49c80cec3,ELITE SOC ANALYZER,AUTHENTICATION,88,7,2026-01-22T20:55:52.869800,UNKNOWN,,CREDENTIAL ACCESS,2026-01-22T20:55:52.880513,0.3,51,192.168.0.43,0,MEDIUM,SSH_BRUTE_FORCE,6.0-COGNITIVE,
7859fb8a5c36,ELITE SOC ANALYZER,AUTHENTICATION,88,10,2026-01-22T20:55:52.869819,UNKNOWN,,CREDENTIAL ACCESS,2026-01-22T20:55:52.880353,0.3,69,192.168.0.89,0,HIGH,SSH_BRUTE_FORCE,6.0-COGNITIVE,
b0c2ebc337ee,ELITE SOC ANALYZER,AUTHENTICATION,88,9,2026-01-22T20:55:52.869837,UNKNOWN,,CREDENTIAL ACCESS,2026-01-22T20:55:52.878401,0.3,63,192.168.0.19,0,HIGH,SSH_BRUTE_FORCE,6.0-COGNITIVE,
17c98ea57263,ELITE SOC ANALYZER,AUTHENTICATION,88,8,2026-01-22T20:55:52.869858,UNKNOWN,,CREDENTIAL ACCESS,2026-01-22T20:55:52.879266,0.3,57,192.168.0.16,0,MEDIUM,SSH_BRUTE_FORCE,6.0-COGNITIVE,
2ba2234ebf53,ELITE SOC ANALYZER,AUTHENTICATION,88,8,2026-01-22T20:55:52.869877,UNKNOWN,,CREDENTIAL ACCESS,2026-01-22T20:55:52.880267,0.3,57,192.168.0.50,0,MEDIUM,SSH_BRUTE_FORCE,6.0-COGNITIVE,
b362f3f0e63f,ELITE SOC ANALYZER,AUTHENTICATION,88,10,2026-01-22T20:55:52.869894,UNKNOWN,,CREDENTIAL ACCESS,2026-01-22T20:55:52.878740,0.3,69,192.168.0.75,0,HIGH,SSH_BRUTE_FORCE,6.0-COGNITIVE,
6dddc84570ee,ELITE SOC ANALYZER,AUTHENTICATION,88,10,2026-01-22T20:55:52.869912,UNKNOWN,,CREDENTIAL ACCESS,2026-01-22T20:55:52.879109,0.3,69,192.168.0.32,0,HIGH,SSH_BRUTE_FORCE,6.0-COGNITIVE,
ebdd576cf927,ELITE SOC ANALYZER,AUTHENTICATION,88,5,2026-01-22T20:55:52.869930,UNKNOWN,,CREDENTIAL ACCESS,2026-01-22T20:55:52.878811,0.3,39,192.168.0.24,0,MEDIUM,SSH_BRUTE_FORCE,6.0-COGNITIVE,
ef7f2ae5b88a,ELITE SOC ANALYZER,AUTHENTICATION,88,9,2026-01-22T20:55:52.869951,UNKNOWN,,CREDENTIAL ACCESS,2026-01-22T20:55:52.878753,0.3,63,192.168.0.6,0,HIGH,SSH_BRUTE_FORCE,6.0-COGNITIVE,
937a40b4455e,ELITE SOC ANALYZER,AUTHENTICATION,88,10,2026-01-22T20:55:52.869970,UNKNOWN,,CREDENTIAL ACCESS,2026-01-22T20:55:52.877764,0.3,69,192.168.0.39,0,HIGH,SSH_BRUTE_FORCE,6.0-COGNITIVE,
a826b1f109bf,ELITE SOC ANALYZER,AUTHENTICATION,88,9,2026-01-22T20:55:52.870042,UNKNOWN,,CREDENTIAL ACCESS,2026-01-22T20:55:52.879982,0.3,63,192.168.0.63,0,HIGH,SSH_BRUTE_FORCE,6.0-COGNITIVE,
28bc05f617af,ELITE SOC ANALYZER,AUTHENTICATION,88,8,2026-01-22T20:55:52.870079,UNKNOWN,,CREDENTIAL ACCESS,2026-01-22T20:55:52.880159,0.3,57,192.168.0.7,0,MEDIUM,SSH_BRUTE_FORCE,6.0-COGNITIVE,
1faf98e87a67,ELITE SOC ANALYZER,AUTHENTICATION,88,6,2026-01-22T20:55:52.870097,UNKNOWN,,CREDENTIAL ACCESS,2026-01-22T20:55:52.880089,0.3,45,192.168.0.80,0,MEDIUM,SSH_BRUTE_FORCE,6.0-COGNITIVE,
43bfd5b6091e,ELITE SOC ANALYZER,AUTHENTICATION,88,9,2026-01-22T20:55:52.870132,UNKNOWN,,CREDENTIAL ACCESS,2026-01-22T20:55:52.877122,0.3,63,192.168.0.98,0,HIGH,SSH_BRUTE_FORCE,6.0-COGNITIVE,
3fc8485b5b39,ELITE SOC ANALYZER,AUTHENTICATION,88,7,2026-01-22T20:55:52.870167,UNKNOWN,,CREDENTIAL ACCESS,2026-01-22T20:55:52.879590,0.3,51,192.168.0.49,0,MEDIUM,SSH_BRUTE_FORCE,6.0-COGNITIVE,
5a96335f95e9,ELITE SOC ANALYZER,AUTHENTICATION,88,7,2026-01-22T20:55:52.870202,UNKNOWN,,CREDENTIAL ACCESS,2026-01-22T20:55:52.879150,0.3,51,192.168.0.78,0,MEDIUM,SSH_BRUTE_FORCE,6.0-COGNITIVE,
4756e95803d6,ELITE SOC ANALYZER,AUTHENTICATION,88,10,2026-01-22T20:55:52.870219,UNKNOWN,,CREDENTIAL ACCESS,2026-01-22T20:55:52.880338,0.3,69,192.168.0.25,0,HIGH,SSH_BRUTE_FORCE,6.0-COGNITIVE,
fc0df477697a,ELITE SOC ANALYZER,AUTHENTICATION,88,9,2026-01-22T20:55:52.870244,UNKNOWN,,CREDENTIAL ACCESS,2026-01-22T20:55:52.876511,0.3,63,192.168.0.72,0,HIGH,SSH_BRUTE_FORCE,6.0-COGNITIVE,
522c6397c2d3,ELITE SOC ANALYZER,AUTHENTICATION,88,10,2026-01-22T20:55:52.870262,UNKNOWN,,CREDENTIAL ACCESS,2026-01-22T20:55:52.879711,0.3,69,192.168.0.4,0,HIGH,SSH_BRUTE_FORCE,6.0-COGNITIVE,
52b9f8206fec,ELITE SOC ANALYZER,AUTHENTICATION,88,9,2026-01-22T20:55:52.870333,UNKNOWN,,CREDENTIAL ACCESS,2026-01-22T20:55:52.875597,0.3,63,192.168.0.18,0,HIGH,SSH_BRUTE_FORCE,6.0-COGNITIVE,
a0d616310fda,ELITE SOC ANALYZER,AUTHENTICATION,88,6,2026-01-22T20:55:52.870350,UNKNOWN,,CREDENTIAL ACCESS,2026-01-22T20:55:52.880408,0.3,45,192.168.0.76,0,MEDIUM,SSH_BRUTE_FORCE,6.0-COGNITIVE,
1e570736865c,ELITE SOC ANALYZER,AUTHENTICATION,88,6,2026-01-22T20:55:52.870368,UNKNOWN,,CREDENTIAL ACCESS,2026-01-22T20:55:52.877927,0.3,45,192.168.0.29,0,MEDIUM,SSH_BRUTE_FORCE,6.0-COGNITIVE,
1c8386a5b7fe,ELITE SOC ANALYZER,AUTHENTICATION,88,8,2026-01-22T20:55:52.870386,UNKNOWN,,CREDENTIAL ACCESS,2026-01-22T20:55:52.880543,0.3,57,192.168.0.99,0,MEDIUM,SSH_BRUTE_FORCE,6.0-COGNITIVE,
49b1731461c3,ELITE SOC ANALYZER,AUTHENTICATION,88,10,2026-01-22T20:55:52.870403,UNKNOWN,,CREDENTIAL ACCESS,2026-01-22T20:55:52.879697,0.3,69,192.168.0.66,0,HIGH,SSH_BRUTE_FORCE,6.0-COGNITIVE,
1c86f953593e,ELITE SOC ANALYZER,AUTHENTICATION,88,6,2026-01-22T20:55:52.870421,UNKNOWN,,CREDENTIAL ACCESS,2026-01-22T20:55:52.878839,0.3,45,192.168.0.88,0,MEDIUM,SSH_BRUTE_FORCE,6.0-COGNITIVE,
d264e590f9d9,ELITE SOC ANALYZER,AUTHENTICATION,88,7,2026-01-22T20:55:52.870438,UNKNOWN,,CREDENTIAL ACCESS,2026-01-22T20:55:52.880049,0.3,51,192.168.0.9,0,MEDIUM,SSH_BRUTE_FORCE,6.0-COGNITIVE,
aec65b4d22b1,ELITE SOC ANALYZER,AUTHENTICATION,88,9,2026-01-22T20:55:52.870526,UNKNOWN,,CREDENTIAL ACCESS,2026-01-22T20:55:52.877748,0.3,63,192.168.0.12,0,HIGH,SSH_BRUTE_FORCE,6.0-COGNITIVE,
91a64710862a,ELITE SOC ANALYZER,AUTHENTICATION,88,8,2026-01-22T20:55:52.870543,UNKNOWN,,CREDENTIAL ACCESS,2026-01-22T20:55:52.879779,0.3,57,192.168.0.71,0,MEDIUM,SSH_BRUTE_FORCE,6.0-COGNITIVE,
2398638909cb,ELITE SOC ANALYZER,AUTHENTICATION,88,10,2026-01-22T20:55:52.870560,UNKNOWN,,CREDENTIAL ACCESS,2026-01-22T20:55:52.880609,0.3,69,192.168.0.40,0,HIGH,SSH_BRUTE_FORCE,6.0-COGNITIVE,
956c889e970a,ELITE SOC ANALYZER,AUTHENTICATION,88,6,2026-01-22T20:55:52.870724,UNKNOWN,,CREDENTIAL ACCESS,2026-01-22T20:55:52.878882,0.3,45,192.168.0.42,0,MEDIUM,SSH_BRUTE_FORCE,6.0-COGNITIVE,
35c8caec6993,ELITE SOC ANALYZER,AUTHENTICATION,88,9,2026-01-22T20:55:52.870758,UNKNOWN,,CREDENTIAL ACCESS,2026-01-22T20:55:52.879519,0.3,63,192.168.0.59,0,HIGH,SSH_BRUTE_FORCE,6.0-COGNITIVE,
7271ade0f51c,ELITE SOC ANALYZER,AUTHENTICATION,88,6,2026-01-22T20:55:52.870776,UNKNOWN,,CREDENTIAL ACCESS,2026-01-22T20:55:52.879190,0.3,45,192.168.0.96,0,MEDIUM,SSH_BRUTE_FORCE,6.0-COGNITIVE,
94a6377613d6,ELITE SOC ANALYZER,AUTHENTICATION,88,5,2026-01-22T20:55:52.870810,UNKNOWN,,CREDENTIAL ACCESS,2026-01-22T20:55:52.876771,0.3,39,192.168.0.86,0,MEDIUM,SSH_BRUTE_FORCE,6.0-COGNITIVE,
d514169f47cd,ELITE SOC ANALYZER,AUTHENTICATION,88,6,2026-01-22T20:55:52.870827,UNKNOWN,,CREDENTIAL ACCESS,2026-01-22T20:55:52.880185,0.3,45,192.168.0.26,0,MEDIUM,SSH_BRUTE_FORCE,6.0-COGNITIVE,
1d26c327513c,ELITE SOC ANALYZER,AUTHENTICATION,88,8,2026-01-22T20:55:52.870938,UNKNOWN,,CREDENTIAL ACCESS,2026-01-22T20:55:52.880075,0.3,57,192.168.0.8,0,MEDIUM,SSH_BRUTE_FORCE,6.0-COGNITIVE,
edec87fd437e,ELITE SOC ANALYZER,AUTHENTICATION,88,10,2026-01-22T20:55:52.870998,UNKNOWN,,CREDENTIAL ACCESS,2026-01-22T20:55:52.879463,0.3,69,192.168.0.21,0,HIGH,SSH_BRUTE_FORCE,6.0-COGNITIVE,
eb76c7720d7d,ELITE SOC ANALYZER,AUTHENTICATION,88,10,2026-01-22T20:55:52.871050,UNKNOWN,,CREDENTIAL ACCESS,2026-01-22T20:55:52.879725,0.3,69,192.168.0.61,0,HIGH,SSH_BRUTE_FORCE,6.0-COGNITIVE,
e80afdc5a9c9,ELITE SOC ANALYZER,AUTHENTICATION,88,5,2026-01-22T20:55:52.871119,UNKNOWN,,CREDENTIAL ACCESS,2026-01-22T20:55:52.880394,0.3,39,192.168.0.67,0,MEDIUM,SSH_BRUTE_FORCE,6.0-COGNITIVE,
bca8124a9615,ELITE SOC ANALYZER,AUTHENTICATION,88,8,2026-01-22T20:55:52.871186,UNKNOWN,,CREDENTIAL ACCESS,2026-01-22T20:55:52.879651,0.3,57,192.168.0.77,0,MEDIUM,SSH_BRUTE_FORCE,6.0-COGNITIVE,
ff14a84666fe,ELITE SOC ANALYZER,AUTHENTICATION,88,7,2026-01-22T20:55:52.871220,UNKNOWN,,CREDENTIAL ACCESS,2026-01-22T20:55:52.879920,0.3,51,192.168.0.37,0,MEDIUM,SSH_BRUTE_FORCE,6.0-COGNITIVE,
7bba128bb3ea,ELITE SOC ANALYZER,AUTHENTICATION,88,8,2026-01-22T20:55:52.871237,UNKNOWN,,CREDENTIAL ACCESS,2026-01-22T20:55:52.880172,0.3,57,192.168.0.91,0,MEDIUM,SSH_BRUTE_FORCE,6.0-COGNITIVE,
621b73101acd,ELITE SOC ANALYZER,AUTHENTICATION,88,6,2026-01-22T20:55:52.871254,UNKNOWN,,CREDENTIAL ACCESS,2026-01-22T20:55:52.880010,0.3,45,192.168.0.46,0,MEDIUM,SSH_BRUTE_FORCE,6.0-COGNITIVE,
2298d663cc44,ELITE SOC ANALYZER,AUTHENTICATION,88,7,2026-01-22T20:55:52.871288,UNKNOWN,,CREDENTIAL ACCESS,2026-01-22T20:55:52.880366,0.3,51,192.168.0.23,0,MEDIUM,SSH_BRUTE_FORCE,6.0-COGNITIVE,
3f3f2d3d0375,ELITE SOC ANALYZER,AUTHENTICATION,88,6,2026-01-22T20:55:52.871305,UNKNOWN,,CREDENTIAL ACCESS,2026-01-22T20:55:52.878795,0.3,45,192.168.0.94,0,MEDIUM,SSH_BRUTE_FORCE,6.0-COGNITIVE,
936d18fb43f1,ELITE SOC ANALYZER,AUTHENTICATION,88,9,2026-01-22T20:55:52.871328,UNKNOWN,,CREDENTIAL ACCESS,2026-01-22T20:55:52.878942,0.3,63,192.168.0.28,0,HIGH,SSH_BRUTE_FORCE,6.0-COGNITIVE,
4057797d1369,ELITE SOC ANALYZER,AUTHENTICATION,88,9,2026-01-22T20:55:52.871416,UNKNOWN,,CREDENTIAL ACCESS,2026-01-22T20:55:52.878978,0.3,63,192.168.0.33,0,HIGH,SSH_BRUTE_FORCE,6.0-COGNITIVE,
8639dc0aa393,ELITE SOC ANALYZER,AUTHENTICATION,88,7,2026-01-22T20:55:52.871467,UNKNOWN,,CREDENTIAL ACCESS,2026-01-22T20:55:52.879123,0.3,51,192.168.0.83,0,MEDIUM,SSH_BRUTE_FORCE,6.0-COGNITIVE,
2df0cc4707ca,ELITE SOC ANALYZER,AUTHENTICATION,88,9,2026-01-22T20:55:52.871484,UNKNOWN,,CREDENTIAL ACCESS,2026-01-22T20:55:52.880501,0.3,63,192.168.0.2,0,HIGH,SSH_BRUTE_FORCE,6.0-COGNITIVE,
8e492257eb11,ELITE SOC ANALYZER,AUTHENTICATION,88,8,2026-01-22T20:55:52.871589,UNKNOWN,,CREDENTIAL ACCESS,2026-01-22T20:55:52.879806,0.3,57,192.168.0.48,0,MEDIUM,SSH_BRUTE_FORCE,6.0-COGNITIVE,
f432bb0e1449,ELITE SOC ANALYZER,AUTHENTICATION,88,7,2026-01-22T20:55:52.871659,UNKNOWN,,CREDENTIAL ACCESS,2026-01-22T20:55:52.879532,0.3,51,192.168.0.69,0,MEDIUM,SSH_BRUTE_FORCE,6.0-COGNITIVE,
7b7de48c819f,ELITE SOC ANALYZER,AUTHENTICATION,88,7,2026-01-22T20:55:52.871713,UNKNOWN,,CREDENTIAL ACCESS,2026-01-22T20:55:52.879504,0.3,51,192.168.0.55,0,MEDIUM,SSH_BRUTE_FORCE,6.0-COGNITIVE,
5b54c7de4268,ELITE SOC ANALYZER,AUTHENTICATION,88,6,2026-01-22T20:55:52.871837,UNKNOWN,,CREDENTIAL ACCESS,2026-01-22T20:55:52.880488,0.3,45,192.168.0.15,0,MEDIUM,SSH_BRUTE_FORCE,6.0-COGNITIVE,
a8c2aab58519,ELITE SOC ANALYZER,AUTHENTICATION,88,7,2026-01-22T20:55:52.871873,UNKNOWN,,CREDENTIAL ACCESS,2026-01-22T20:55:52.880556,0.3,51,192.168.0.30,0,MEDIUM,SSH_BRUTE_FORCE,6.0-COGNITIVE,
2ad6239470e5,ELITE SOC ANALYZER,AUTHENTICATION,88,8,2026-01-22T20:55:52.871908,UNKNOWN,,CREDENTIAL ACCESS,2026-01-22T20:55:52.879834,0.3,57,192.168.0.14,0,MEDIUM,SSH_BRUTE_FORCE,6.0-COGNITIVE,
79db9e318ff1,ELITE SOC ANALYZER,AUTHENTICATION,88,6,2026-01-22T20:55:52.871942,UNKNOWN,,CREDENTIAL ACCESS,2026-01-22T20:55:52.879665,0.3,45,192.168.0.65,0,MEDIUM,SSH_BRUTE_FORCE,6.0-COGNITIVE,
192972f12763,ELITE SOC ANALYZER,AUTHENTICATION,88,6,2026-01-22T20:55:52.871995,UNKNOWN,,CREDENTIAL ACCESS,2026-01-22T20:55:52.880597,0.3,45,192.168.0.13,0,MEDIUM,SSH_BRUTE_FORCE,6.0-COGNITIVE,
c0b6bfe01ef0,ELITE SOC ANALYZER,AUTHENTICATION,88,8,2026-01-22T20:55:52.872141,UNKNOWN,,CREDENTIAL ACCESS,2026-01-22T20:55:52.877553,0.3,57,192.168.0.36,0,MEDIUM,SSH_BRUTE_FORCE,6.0-COGNITIVE,
66ea7865057d,ELITE SOC ANALYZER,AUTHENTICATION,88,6,2026-01-22T20:55:52.872154,UNKNOWN,,CREDENTIAL ACCESS,2026-01-22T20:55:52.880436,0.3,45,192.168.0.58,0,MEDIUM,SSH_BRUTE_FORCE,6.0-COGNITIVE,
41873b0471cc,ELITE SOC ANALYZER,AUTHENTICATION,88,7,2026-01-22T20:55:52.872256,UNKNOWN,,CREDENTIAL ACCESS,2026-01-22T20:55:52.880570,0.3,51,192.168.0.57,0,MEDIUM,SSH_BRUTE_FORCE,6.0-COGNITIVE,
8164d87055f3,ELITE SOC ANALYZER,AUTHENTICATION,88,5,2026-01-22T20:55:52.872465,UNKNOWN,,CREDENTIAL ACCESS,2026-01-22T20:55:52.880146,0.3,39,192.168.0.74,0,MEDIUM,SSH_BRUTE_FORCE,6.0-COGNITIVE,
c425b1111e16,ELITE SOC ANALYZER,AUTHENTICATION,88,7,2026-01-22T20:55:52.872543,UNKNOWN,,CREDENTIAL ACCESS,2026-01-22T20:55:52.880224,0.3,51,192.168.0.1,0,MEDIUM,SSH_BRUTE_FORCE,6.0-COGNITIVE,
d604fd8069be,ELITE SOC ANALYZER,AUTHENTICATION,88,5,2026-01-22T20:55:52.872594,UNKNOWN,,CREDENTIAL ACCESS,2026-01-22T20:55:52.878928,0.3,39,192.168.0.64,0,MEDIUM,SSH_BRUTE_FORCE,6.0-COGNITIVE,
54271ef135db,ELITE SOC ANALYZER,AUTHENTICATION,88,5,2026-01-22T20:55:52.872712,UNKNOWN,,CREDENTIAL ACCESS,2026-01-22T20:55:52.880238,0.3,39,192.168.0.45,0,MEDIUM,SSH_BRUTE_FORCE,6.0-COGNITIVE,
7e3ca01f5b0e,ELITE SOC ANALYZER,AUTHENTICATION,88,7,2026-01-22T20:55:52.872842,UNKNOWN,,CREDENTIAL ACCESS,2026-01-22T20:55:52.878317,0.3,51,192.168.0.97,0,MEDIUM,SSH_BRUTE_FORCE,6.0-COGNITIVE,
3dee9b9149cf,ELITE SOC ANALYZER,AUTHENTICATION,88,5,2026-01-22T20:55:52.872985,UNKNOWN,,CREDENTIAL ACCESS,2026-01-22T20:55:52.877281,0.3,39,192.168.0.93,0,MEDIUM,SSH_BRUTE_FORCE,6.0-COGNITIVE,
480bb6ed28c8,ELITE SOC ANALYZER,AUTHENTICATION,88,5,2026-01-22T20:55:52.873072,UNKNOWN,,CREDENTIAL ACCESS,2026-01-22T20:55:52.879633,0.3,39,192.168.0.92,0,MEDIUM,SSH_BRUTE_FORCE,6.0-COGNITIVE,
3915fc422e32,ELITE SOC ANALYZER,AUTHENTICATION,88,5,2026-01-22T20:55:52.873150,UNKNOWN,,CREDENTIAL ACCESS,2026-01-22T20:55:52.879252,0.3,39,192.168.0.81,0,MEDIUM,SSH_BRUTE_FORCE,6.0-COGNITIVE,
cdc860f1064e,ELITE SOC ANALYZER,AUTHENTICATION,88,8,2026-01-22T20:55:52.873419,UNKNOWN,,CREDENTIAL ACCESS,2026-01-22T20:55:52.879293,0.3,57,192.168.0.5,0,MEDIUM,SSH_BRUTE_FORCE,6.0-COGNITIVE,
bda397dbb586,ELITE SOC ANALYZER,AUTHENTICATION,88,6,2026-01-22T20:55:52.873526,UNKNOWN,,CREDENTIAL ACCESS,2026-01-22T20:55:52.880325,0.3,45,192.168.0.54,0,MEDIUM,SSH_BRUTE_FORCE,6.0-COGNITIVE,
fb8640bfa647,ELITE SOC ANALYZER,AUTHENTICATION,88,8,2026-01-22T20:55:52.873957,UNKNOWN,,CREDENTIAL ACCESS,2026-01-22T20:55:52.879889,0.3,57,192.168.0.44,0,MEDIUM,SSH_BRUTE_FORCE,6.0-COGNITIVE,
5c896d221f27,ELITE SOC ANALYZER,AUTHENTICATION,88,6,2026-01-22T20:55:52.873987,UNKNOWN,,CREDENTIAL ACCESS,2026-01-22T20:55:52.879374,0.3,45,192.168.0.100,0,MEDIUM,SSH_BRUTE_FORCE,6.0-COGNITIVE,
7ea5869907d6,ELITE SOC ANALYZER,AUTHENTICATION,88,5,2026-01-22T20:55:52.874374,UNKNOWN,,CREDENTIAL ACCESS,2026-01-22T20:55:52.879349,0.3,39,192.168.0.20,0,MEDIUM,SSH_BRUTE_FORCE,6.0-COGNITIVE,
9857b6d6c17d,ELITE SOC ANALYZER,AUTHENTICATION,88,5,2026-01-22T20:55:52.874413,UNKNOWN,,CREDENTIAL ACCESS,2026-01-22T20:55:52.879905,0.3,39,192.168.0.41,0,MEDIUM,SSH_BRUTE_FORCE,6.0-COGNITIVE,
30631dff712c,ELITE SOC ANALYZER,AUTHENTICATION,88,5,2026-01-22T20:55:52.874946,UNKNOWN,,CREDENTIAL ACCESS,2026-01-22T20:55:52.880421,0.3,39,192.168.0.31,0,MEDIUM,SSH_BRUTE_FORCE,6.0-COGNITIVE,
4d5a943da6f5,ELITE SOC ANALYZER,AUTHENTICATION,88,5,2026-01-22T20:55:52.877377,UNKNOWN,,CREDENTIAL ACCESS,2026-01-22T20:55:52.879206,0.3,39,192.168.0.85,0,MEDIUM,SSH_BRUTE_FORCE,6.0-COGNITIVE,
1a4367d6eff0,ELITE SOC ANALYZER,LATERAL_MOVEMENT,70,,,,100,LATERAL MOVEMENT,,,60,,,MEDIUM,POTENTIAL_ACCOUNT_COMPROMISE,,admin
